CÓD. CLIENTE;NOMBRE;APELLIDO;SEXO;TELÉFONO;PROVINCIA;CÓDIGO POSTAL;CORREO ELECTRÓNICO;;;;GMAIL
281;ANTONIO;GARCIA;H;662367243;01 - ALAVA;01118;ANTONIO.GARCIA@GMAIL;;;;
138;MANUEL;RODRIGUEZ;H;680497983;02 - ALBACETE;02124;MANUEL.RODRIGUEZ@GMAIL;;;;
286;JOSE;GONZALEZ;H;711558380;03 - ALICANTE/ALACANT;03113;JOSE.GONZALEZ@GMAIL;;;;
251;FRANCISCO;FERNANDEZ;H;696783232;04 - ALMERÍA;04114;FRANCISCO.FERNANDEZ@GMAIL;;;;
201;DAVID;LOPEZ;H;651646688;05 - AVILA;05141;DAVID.LOPEZ@GMAIL;;;;
395;JUAN;MARTINEZ;H;669443016;06 - BADAJOZ;06412;JUAN.MARTINEZ@GMAIL;;;;
125;JAVIER;SANCHEZ;H;711196589;07 - BALEARS, ILLES;07458;JAVIER.SANCHEZ@GMAIL;;;;
288;JOSE ANTONIO;PEREZ;H;612239853;08 - BARCELONA;08319;JOSE ANTONIO.PEREZ@GMAIL;;;;
228;DANIEL;GOMEZ;H;632971374;09 - BURGOS;09454;DANIEL.GOMEZ@GMAIL;;;;
390;FRANCISCO JAVIER;MARTIN;H;647225795;10 - CÁCERES;10839;FRANCISCO JAVIER.MARTIN@GMAIL;;;;
184;JOSE LUIS;JIMENEZ;H;701031728;11 - CÁDIZ;11170;JOSE LUIS.JIMENEZ@GMAIL;;;;
191;CARLOS;HERNANDEZ;H;633928125;12 - CASTELLÓN/CASTELLÓ;12220;CARLOS.HERNANDEZ@GMAIL;;;;
238;JESUS;RUIZ;H;658071325;13 - CIUDAD REAL;13595;JESUS.RUIZ@GMAIL;;;;
208;ALEJANDRO;DIAZ;H;672686081;14 - CÓRDOBA;14511;ALEJANDRO.DIAZ@GMAIL;;;;
227;MIGUEL;MORENO;H;631886898;15 - CORUÑA, A;15114;MIGUEL.MORENO@GMAIL;;;;
166;JOSE MANUEL;MUÑOZ;H;634552627;16 - CUENCA;16411;JOSE MANUEL.MUÑOZ@GMAIL;;;;
229;RAFAEL;ALVAREZ;H;685927324;17 - GIRONA;17115;RAFAEL.ALVAREZ@GMAIL;;;;
379;MIGUEL ANGEL;ROMERO;H;709745617;18 - GRANADA;18416;MIGUEL ANGEL.ROMERO@GMAIL;;;;
311;PABLO;GUTIERREZ;H;684847197;19 - GUADALAJARA;19285;PABLO.GUTIERREZ@GMAIL;;;;
381;PEDRO;ALONSO;H;620404155;20 - GIPUZKOA;20217;PEDRO.ALONSO@GMAIL;;;;
186;ANGEL;NAVARRO;H;680991005;21 - HUELVA;21880;ANGEL.NAVARRO@GMAIL;;;;
365;SERGIO;TORRES;H;636637782;22 - HUESCA;22124;SERGIO.TORRES@GMAIL;;;;
351;JOSE MARIA;DOMINGUEZ;H;695576303;23 - JAÉN;23479;JOSE MARIA.DOMINGUEZ@GMAIL;;;;
267;FERNANDO;RAMOS;H;620124831;24 - LEÓN;24314;FERNANDO.RAMOS@GMAIL;;;;
167;JORGE;VAZQUEZ;H;706777741;25 - LLEIDA;08281;JORGE.VAZQUEZ@GMAIL;;;;
197;LUIS;RAMIREZ;H;634297718;26 - RIOJA, LA;26259;LUIS.RAMIREZ@GMAIL;;;;
355;ALBERTO;GIL;H;639060963;27 - LUGO;27125;ALBERTO.GIL@GMAIL;;;;
301;ALVARO;SERRANO;H;702510197;28 - MADRID;28792;ALVARO.SERRANO@GMAIL;;;;
157;JUAN CARLOS;MORALES;H;719911324;29 - MÁLAGA;29250;JUAN CARLOS.MORALES@GMAIL;;;;
238;ADRIAN;MOLINA;H;629785151;30 - MURCIA;03659;ADRIAN.MOLINA@GMAIL;;;;
280;DIEGO;BLANCO;H;610400801;31 - NAVARRA;31398;DIEGO.BLANCO@GMAIL;;;;
355;JUAN JOSE;SUAREZ;H;609670754;32 - OURENSE;32151;JUAN JOSE.SUAREZ@GMAIL;;;;
394;RAUL;CASTRO;H;647048367;33 - ASTURIAS;33128;RAUL.CASTRO@GMAIL;;;;
248;IVAN;ORTEGA;H;657998006;34 - PALENCIA;34888;IVAN.ORTEGA@GMAIL;;;;
188;JUAN ANTONIO;DELGADO;H;634985007;35 - PALMAS, LAS;35107;JUAN ANTONIO.DELGADO@GMAIL;;;;
361;RUBEN;ORTIZ;H;725234023;36 - PONTEVEDRA;36313;RUBEN.ORTIZ@GMAIL;;;;
228;ENRIQUE;MARIN;H;670901251;37 - SALAMANCA;37219;ENRIQUE.MARIN@GMAIL;;;;
143;OSCAR;RUBIO;H;655831810;38 - SANTA CRUZ DE TENERIFE;38002;OSCAR.RUBIO@GMAIL;;;;
219;RAMON;NUÑEZ;H;669439679;39 - CANTABRIA;39007;RAMON.NUÑEZ@GMAIL;;;;
230;ANDRES;SANZ;H;716637364;40 - SEGOVIA;40593;ANDRES.SANZ@GMAIL;;;;
192;JUAN MANUEL;MEDINA;H;683229357;41 - SEVILLA;41110;JUAN MANUEL.MEDINA@GMAIL;;;;
154;VICENTE;IGLESIAS;H;696008225;42 - SORIA;42112;VICENTE.IGLESIAS@GMAIL;;;;
145;SANTIAGO;CASTILLO;H;715373119;43 - TARRAGONA;43895;SANTIAGO.CASTILLO@GMAIL;;;;
324;JOAQUIN;CORTES;H;729357514;44 - TERUEL;44114;JOAQUIN.CORTES@GMAIL;;;;
237;MARIO;GARRIDO;H;657988954;45 - TOLEDO;45544;MARIO.GARRIDO@GMAIL;;;;
250;VICTOR;SANTOS;H;623567294;46 - VALENCIA/VALÈNCIA;46178;VICTOR.SANTOS@GMAIL;;;;
254;EDUARDO;GUERRERO;H;680204479;47 - VALLADOLID;47430;EDUARDO.GUERRERO@GMAIL;;;;
181;ROBERTO;LOZANO;H;728215769;48 - BIZKAIA;48340;ROBERTO.LOZANO@GMAIL;;;;
327;JAIME;CANO;H;601508907;49 - ZAMORA;49281;JAIME.CANO@GMAIL;;;;
174;FRANCISCO JOSE;MENDEZ;H;686523240;50 - ZARAGOZA;50669;FRANCISCO JOSE.MENDEZ@GMAIL;;;;
391;MARIA;CRUZ;M;667793592;51 - CEUTA;51001;MARIA.CRUZ@GMAIL;;;;
172;MARIA CARMEN;PRIETO;M;717373967;52 - MELILLA;52006;MARIA CARMEN.PRIETO@GMAIL;;;;
378;ISABEL;FLORES;M;677821470;23 - JAÉN;23479;ISABEL.FLORES@GMAIL;;;;
142;JOSEFA;HERRERA;M;683313872;24 - LEÓN;24314;JOSEFA.HERRERA@GMAIL;;;;
258;MARIA DOLORES;PEÑA;M;696283636;25 - LLEIDA;08281;MARIA DOLORES.PEÑA@GMAIL;;;;
183;CARMEN;LEON;M;687716510;26 - RIOJA, LA;26259;CARMEN.LEON@GMAIL;;;;
360;FRANCISCA;MARQUEZ;M;649219603;27 - LUGO;27125;FRANCISCA.MARQUEZ@GMAIL;;;;
275;MARIA PILAR;CABRERA;M;621441495;28 - MADRID;28792;MARIA PILAR.CABRERA@GMAIL;;;;
304;MARIA JOSE;GALLEGO;M;729878392;29 - MÁLAGA;29250;MARIA JOSE.GALLEGO@GMAIL;;;;
354;MARIA ISABEL;CALVO;M;713393372;30 - MURCIA;03659;MARIA ISABEL.CALVO@GMAIL;;;;
178;ANA;VIDAL;M;651734462;31 - NAVARRA;31398;ANA.VIDAL@GMAIL;;;;
152;LUCIA;CAMPOS;M;609054898;32 - OURENSE;32151;LUCIA.CAMPOS@GMAIL;;;;
357;ANTONIA;REYES;M;723859956;33 - ASTURIAS;33128;ANTONIA.REYES@GMAIL;;;;
150;MARIA ANGELES;VEGA;M;713153878;34 - PALENCIA;34888;MARIA ANGELES.VEGA@GMAIL;;;;
363;DOLORES;FUENTES;M;639648425;35 - PALMAS, LAS;35107;DOLORES.FUENTES@GMAIL;;;;
261;ANA MARIA;CARRASCO;M;708059029;36 - PONTEVEDRA;36313;ANA MARIA.CARRASCO@GMAIL;;;;
224;PILAR;DIEZ;M;713628133;37 - SALAMANCA;37219;PILAR.DIEZ@GMAIL;;;;
136;LAURA;AGUILAR;M;704473999;38 - SANTA CRUZ DE TENERIFE;38002;LAURA.AGUILAR@GMAIL;;;;
304;CRISTINA;CABALLERO;M;609860233;39 - CANTABRIA;39007;CRISTINA.CABALLERO@GMAIL;;;;
257;MARIA TERESA;NIETO;M;617533610;40 - SEGOVIA;40593;MARIA TERESA.NIETO@GMAIL;;;;
324;ELENA;SANTANA;M;623328450;41 - SEVILLA;41110;ELENA.SANTANA@GMAIL;;;;
208;ENCARNACION;PASCUAL;M;662539417;42 - SORIA;42112;ENCARNACION.PASCUAL@GMAIL;;;;
266;MARTA;HERRERO;M;647855638;43 - TARRAGONA;43895;MARTA.HERRERO@GMAIL;;;;
172;JUANA;VARGAS;M;707357317;44 - TERUEL;44114;JUANA.VARGAS@GMAIL;;;;
200;ROSARIO;GIMENEZ;M;603497293;45 - TOLEDO;45544;ROSARIO.GIMENEZ@GMAIL;;;;
141;PAULA;MONTERO;M;663420931;46 - VALENCIA/VALÈNCIA;46178;PAULA.MONTERO@GMAIL;;;;
168;MANUELA;HIDALGO;M;623216559;47 - VALLADOLID;47430;MANUELA.HIDALGO@GMAIL;;;;
179;ROSA MARIA;LORENZO;M;658680969;48 - BIZKAIA;48340;ROSA MARIA.LORENZO@GMAIL;;;;
152;RAQUEL;SANTIAGO;M;611701022;49 - ZAMORA;49281;RAQUEL.SANTIAGO@GMAIL;;;;
194;IRENE;IBAÑEZ;M;709041493;50 - ZARAGOZA;50669;IRENE.IBAÑEZ@GMAIL;;;;
175;MARIA LLANOS;DURAN;M;728126257;51 - CEUTA;51001;MARIA LLANOS.DURAN@GMAIL;;;;
155;MARIA JOSEFA;BENITEZ;M;698318449;52 - MELILLA;52006;MARIA JOSEFA.BENITEZ@GMAIL;;;;
157;ANGELA;FERRER;M;633634952;23 - JAÉN;23479;ANGELA.FERRER@GMAIL;;;;
293;BEATRIZ;ARIAS;M;620362127;24 - LEÓN;24314;BEATRIZ.ARIAS@GMAIL;;;;
304;JULIA;MORA;M;683081417;25 - LLEIDA;08281;JULIA.MORA@GMAIL;;;;
390;MERCEDES;CARMONA;M;712606863;26 - RIOJA, LA;26259;MERCEDES.CARMONA@GMAIL;;;;
258;ANGELES;VICENTE;M;640882116;27 - LUGO;27125;ANGELES.VICENTE@GMAIL;;;;
279;ANA BELEN;ROJAS;M;636414772;28 - MADRID;28792;ANA BELEN.ROJAS@GMAIL;;;;
275;ROCIO;SOTO;M;628116187;29 - MÁLAGA;29250;ROCIO.SOTO@GMAIL;;;;
267;CONCEPCION;CRESPO;M;613149024;30 - MURCIA;03659;CONCEPCION.CRESPO@GMAIL;;;;
273;ALICIA;ROMAN;M;697874400;31 - NAVARRA;31398;ALICIA.ROMAN@GMAIL;;;;
395;TERESA;PASTOR;M;623847345;32 - OURENSE;32151;TERESA.PASTOR@GMAIL;;;;
362;SARA;VELASCO;M;632365472;33 - ASTURIAS;33128;SARA.VELASCO@GMAIL;;;;
200;AMPARO;PARRA;M;615067362;01 - ALAVA;01117;AMPARO.PARRA@GMAIL;;;;
397;ANDREA;SAEZ;M;667464639;02 - ALBACETE;02124;ANDREA.SAEZ@GMAIL;;;;
160;CONSUELO;MOYA;M;705552405;03 - ALICANTE/ALACANT;03113;CONSUELO.MOYA@GMAIL;;;;
354;ROSA;BRAVO;M;668307169;04 - ALMERÍA;04114;ROSA.BRAVO@GMAIL;;;;
288;NURIA;SOLER;M;620409211;05 - AVILA;05141;NURIA.SOLER@GMAIL;;;;
239;MARIA ROSARIO;GALLARDO;M;602192959;06 - BADAJOZ;06412;MARIA ROSARIO.GALLARDO@GMAIL;;;;
165;MARIA JESUS;RIVERA;M;687898844;07 - BALEARS, ILLES;07458;MARIA JESUS.RIVERA@GMAIL;;;;
